use_cgm,err_tol,n_trials
False,None,1
True,None,1
True,0.001,1
Precond,0.001,1
True,0.0001,1
Precond,0.0001,1
True,0.00001,1
Precond,0.00001,1
True,0.000001,1
Precond,0.000001,1
True,0.000001,1
Precond,0.000001,1
True,0.0000001,1
Precond,0.0000001,1
True,0.00000001,1
Precond,0.00000001,1
True,0.000000001,1
Precond,0.000000001,1
